map_id,map_name,osu_file,mode,notes_json,timing_json,metadata_json,parsed_ok
2034220,Redside - beachballs! (FORMless000) [Futsuu!],Redside - beachballs! (FORMless000) [Futsuu!].osu,1,sample_data\unpacked\2034220\parsed\Redside - beachballs! (FORMless000) [Futsuu!].notes.json,sample_data\unpacked\2034220\parsed\Redside - beachballs! (FORMless000) [Futsuu!].timing.json,sample_data\unpacked\2034220\parsed\Redside - beachballs! (FORMless000) [Futsuu!].metadata.json,True
2034220,Redside - beachballs! (FORMless000) [Inner Oni!],Redside - beachballs! (FORMless000) [Inner Oni!].osu,1,sample_data\unpacked\2034220\parsed\Redside - beachballs! (FORMless000) [Inner Oni!].notes.json,sample_data\unpacked\2034220\parsed\Redside - beachballs! (FORMless000) [Inner Oni!].timing.json,sample_data\unpacked\2034220\parsed\Redside - beachballs! (FORMless000) [Inner Oni!].metadata.json,True
2034220,Redside - beachballs! (FORMless000) [Kantan!],Redside - beachballs! (FORMless000) [Kantan!].osu,1,sample_data\unpacked\2034220\parsed\Redside - beachballs! (FORMless000) [Kantan!].notes.json,sample_data\unpacked\2034220\parsed\Redside - beachballs! (FORMless000) [Kantan!].timing.json,sample_data\unpacked\2034220\parsed\Redside - beachballs! (FORMless000) [Kantan!].metadata.json,True
2034220,Redside - beachballs! (FORMless000) [Muzukashii!],Redside - beachballs! (FORMless000) [Muzukashii!].osu,1,sample_data\unpacked\2034220\parsed\Redside - beachballs! (FORMless000) [Muzukashii!].notes.json,sample_data\unpacked\2034220\parsed\Redside - beachballs! (FORMless000) [Muzukashii!].timing.json,sample_data\unpacked\2034220\parsed\Redside - beachballs! (FORMless000) [Muzukashii!].metadata.json,True
2034220,Redside - beachballs! (FORMless000) [Oni!],Redside - beachballs! (FORMless000) [Oni!].osu,1,sample_data\unpacked\2034220\parsed\Redside - beachballs! (FORMless000) [Oni!].notes.json,sample_data\unpacked\2034220\parsed\Redside - beachballs! (FORMless000) [Oni!].timing.json,sample_data\unpacked\2034220\parsed\Redside - beachballs! (FORMless000) [Oni!].metadata.json,True
2267904,Normal1zer vs. Broken Nerdz - Cybernetic Mastermind No.7 (FORMless000) [for TMWC],Normal1zer vs. Broken Nerdz - Cybernetic Mastermind No.7 (FORMless000) [for TMWC].osu,1,sample_data\unpacked\2267904\parsed\Normal1zer vs. Broken Nerdz - Cybernetic Mastermind No.7 (FORMless000) [for TMWC].notes.json,sample_data\unpacked\2267904\parsed\Normal1zer vs. Broken Nerdz - Cybernetic Mastermind No.7 (FORMless000) [for TMWC].timing.json,sample_data\unpacked\2267904\parsed\Normal1zer vs. Broken Nerdz - Cybernetic Mastermind No.7 (FORMless000) [for TMWC].metadata.json,True
2441659,rN - opia (FORMless000) [for TMWC],rN - opia (FORMless000) [for TMWC].osu,1,sample_data\unpacked\2441659\parsed\rN - opia (FORMless000) [for TMWC].notes.json,sample_data\unpacked\2441659\parsed\rN - opia (FORMless000) [for TMWC].timing.json,sample_data\unpacked\2441659\parsed\rN - opia (FORMless000) [for TMWC].metadata.json,True
2458075,WangleLine - Goodbye to Your Vicious Cycles (FORMless000) [for TMWC],WangleLine - Goodbye to Your Vicious Cycles (FORMless000) [for TMWC].osu,1,sample_data\unpacked\2458075\parsed\WangleLine - Goodbye to Your Vicious Cycles (FORMless000) [for TMWC].notes.json,sample_data\unpacked\2458075\parsed\WangleLine - Goodbye to Your Vicious Cycles (FORMless000) [for TMWC].timing.json,sample_data\unpacked\2458075\parsed\WangleLine - Goodbye to Your Vicious Cycles (FORMless000) [for TMWC].metadata.json,True
2516534,OU - Mountain (FORMless000) [dang dang di dang],OU - Mountain (FORMless000) [dang dang di dang].osu,1,sample_data\unpacked\2516534\parsed\OU - Mountain (FORMless000) [dang dang di dang].notes.json,sample_data\unpacked\2516534\parsed\OU - Mountain (FORMless000) [dang dang di dang].timing.json,sample_data\unpacked\2516534\parsed\OU - Mountain (FORMless000) [dang dang di dang].metadata.json,True
